change: MET_pt\b: MET_pt_jesRelativeBalUp
change: PuppiMET_pt_jesRelativeBalUp\b: PuppiMET_pt
change: METFixEE2017_pt\b: METFixEE2017_pt_jesRelativeBalUp
change: nJet25_Recl\b: nJet25_jesRelativeBalUp_Recl
change: nJet30_Recl\b: nJet30_jesRelativeBalUp_Recl
change: nJet40_Recl\b: nJet40_jesRelativeBalUp_Recl
change: nBJetLoose25_Recl\b: nBJetLoose25_jesRelativeBalUp_Recl
change: nBJetMedium25_Recl\b: nBJetMedium25_jesRelativeBalUp_Recl
change: nBJetTight25_Recl\b: nBJetTight25_jesRelativeBalUp_Recl
change: nBJetLoose40_Recl\b: nBJetLoose40_jesRelativeBalUp_Recl
change: nBJetMedium40_Recl\b: nBJetMedium40_jesRelativeBalUp_Recl
change: nBJetTight40_Recl\b: nBJetTight40_jesRelativeBalUp_Recl
change: JetSel_Recl_pt\b: JetSel_Recl_pt_jesRelativeBalUp
change: FatJetSel_Recl_pt\b: FatJetSel_Recl_pt_jesRelativeBalUp
change: ak8Vtagged_pt\b:ak8Vtagged_pt_jesRelativeBalUp
change: ak8Vtagged_WPL_pt\b:ak8Vtagged_WPL_pt_jesRelativeBalUp
change: ak8Vtagged_WPM_pt\b:ak8Vtagged_WPM_pt_jesRelativeBalUp
change: ak8Vtagged_WPT_pt\b:ak8Vtagged_WPT_pt_jesRelativeBalUp
change: mindr_lep1_jet\b: mindr_lep1_jet_jesRelativeBalUp
change: mindr_lep2_jet\b: mindr_lep2_jet_jesRelativeBalUp
change: mindr_lep3_jet\b: mindr_lep3_jet_jesRelativeBalUp
change: avg_dr_jet\b: avg_dr_jet_jesRelativeBalUp
change: MT_met_lep1\b: MT_met_lep1_jesRelativeBalUp
change: MT_met_lep2\b: MT_met_lep2_jesRelativeBalUp
change: MT_met_lep3\b: MT_met_lep3_jesRelativeBalUp
change: mbb_loose\b: mbb_loose_jesRelativeBalUp
change: mbb_medium\b: mbb_medium_jesRelativeBalUp
weight:1
