change: MET_pt\b: MET_pt_jesHFDown
change: PuppiMET_pt_jesHFDown\b: PuppiMET_pt
change: METFixEE2017_pt\b: METFixEE2017_pt_jesHFDown
change: nJet25_Recl\b: nJet25_jesHFDown_Recl
change: nJet30_Recl\b: nJet30_jesHFDown_Recl
change: nJet40_Recl\b: nJet40_jesHFDown_Recl
change: nBJetLoose25_Recl\b: nBJetLoose25_jesHFDown_Recl
change: nBJetMedium25_Recl\b: nBJetMedium25_jesHFDown_Recl
change: nBJetTight25_Recl\b: nBJetTight25_jesHFDown_Recl
change: nBJetLoose40_Recl\b: nBJetLoose40_jesHFDown_Recl
change: nBJetMedium40_Recl\b: nBJetMedium40_jesHFDown_Recl
change: nBJetTight40_Recl\b: nBJetTight40_jesHFDown_Recl
change: JetSel_Recl_pt\b: JetSel_Recl_pt_jesHFDown
change: FatJetSel_Recl_pt\b: FatJetSel_Recl_pt_jesHFDown
change: ak8Vtagged_pt\b:ak8Vtagged_pt_jesHFDown
change: ak8Vtagged_WPL_pt\b:ak8Vtagged_WPL_pt_jesHFDown
change: ak8Vtagged_WPM_pt\b:ak8Vtagged_WPM_pt_jesHFDown
change: ak8Vtagged_WPT_pt\b:ak8Vtagged_WPT_pt_jesHFDown
change: mindr_lep1_jet\b: mindr_lep1_jet_jesHFDown
change: mindr_lep2_jet\b: mindr_lep2_jet_jesHFDown
change: mindr_lep3_jet\b: mindr_lep3_jet_jesHFDown
change: avg_dr_jet\b: avg_dr_jet_jesHFDown
change: MT_met_lep1\b: MT_met_lep1_jesHFDown
change: MT_met_lep2\b: MT_met_lep2_jesHFDown
change: MT_met_lep3\b: MT_met_lep3_jesHFDown
change: mbb_loose\b: mbb_loose_jesHFDown
change: mbb_medium\b: mbb_medium_jesHFDown
weight:1
