change: MET_pt\b: MET_pt_jesHFUp
change: PuppiMET_pt_jesHFUp\b: PuppiMET_pt
change: pmet_pt_jesHFUp\b: pmet_pt
change: METFixEE2017_pt\b: METFixEE2017_pt_jesHFUp
change: nJet25_Recl\b: nJet25_jesHFUp_Recl
change: nJet30_Recl\b: nJet30_jesHFUp_Recl
change: nJet40_Recl\b: nJet40_jesHFUp_Recl
change: nBJetLoose25_Recl\b: nBJetLoose25_jesHFUp_Recl
change: nBJetMedium25_Recl\b: nBJetMedium25_jesHFUp_Recl
change: nBJetTight25_Recl\b: nBJetTight25_jesHFUp_Recl
change: nBJetLoose40_Recl\b: nBJetLoose40_jesHFUp_Recl
change: nBJetMedium40_Recl\b: nBJetMedium40_jesHFUp_Recl
change: nBJetTight40_Recl\b: nBJetTight40_jesHFUp_Recl
change: JetSel_Recl_pt\b: JetSel_Recl_pt_jesHFUp
change: FatJetSel_Recl_pt\b: FatJetSel_Recl_pt_jesHFUp
change: Selak8Jet1_pt\b: Selak8Jet1_pt_jesHFUp
change: ak8Vtagged_pt\b:ak8Vtagged_pt_jesHFUp
change: ak8Vtagged_WPL_pt\b:ak8Vtagged_WPL_pt_jesHFUp
change: ak8Vtagged_WPM_pt\b:ak8Vtagged_WPM_pt_jesHFUp
change: ak8Vtagged_WPT_pt\b:ak8Vtagged_WPT_pt_jesHFUp
change: mindr_lep1_jet\b: mindr_lep1_jet_jesHFUp
change: mindr_lep2_jet\b: mindr_lep2_jet_jesHFUp
change: mindr_lep3_jet\b: mindr_lep3_jet_jesHFUp
change: avg_dr_jet\b: avg_dr_jet_jesHFUp
change: MT_met_lep1\b: MT_met_lep1_jesHFUp
change: MT_met_lep2\b: MT_met_lep2_jesHFUp
change: MT_met_lep3\b: MT_met_lep3_jesHFUp
change: mbb_loose\b: mbb_loose_jesHFUp
change: mbb_medium\b: mbb_medium_jesHFUp
weight:1
